,users,Country,Language,Category,ID
776,10downingstreet,United Kingdom,English,Politics,1
114,10ronaldinho,Brazil,Portuguese,Sports,2
262,143redangel,Philippines,Filipino,Entertainment,3
730,1future,United States,English,Entertainment,4
109,3gerardpique,Spain,Spanish,Sports,5
275,50cent,United States,English,Entertainment,6
244,5sos,United States,English,Entertainment,7
664,7sainaljassmi,UAE,Arabic,Entertainment,8
145,9gag,Hong Kong,English,News/Media,9
1037,ABZayed,UAE,Arabic,Politics,10
1049,CBF_Futebol,Brazil,Portuguese,Sports,11
1099,DebRyanShow,Spain,Spanish,Entertainment,12
1035,Javedakhtarjadu,India,English,Entertainment,13
1693,Juandedios_P,Mexico,Spanish,Entertainment,14
793,KSI,United Kingdom,English,Entertainment,15
1322,LuzuGames,Spain,Spanish,Entertainment,16
785,MrBeast,United States,English,Entertainment,17
1286,MsKajalAggarwal,India,English,Entertainment,18
1818,Mscathygonzaga,Philippines,Tagalog,Entertainment,19
2019,NCTsmtown_DREAM,South Korea,Korean,Entertainment,20
1077,NawalElZoghbi,Lebanon,Arabic,Entertainment,21
1588,NetflixFR,United States,French,Corporate/Company,22
1149,RGVzoomin,India,Telugu,Entertainment,23
1201,SkyNewsBreak,United Kingdom,English,News/Media,24
1094,Sony,Japan,English,Corporate/Company,25
685,YouTubeCreators,United States,English,News/Media,26
1254,ZSCOfficial,Egypt,Arabic,Sports,27
966,_pedro17_,Spain,Spanish,Sports,28
858,aamaadmiparty,India,Hindi,Politics,29
76,aamir_khan,India,Hindi,Entertainment,30
725,aarbeloa17,Spain,Spanish,Sports,31
168,abc,United States,English,News/Media,32
596,abdevilliers17,South Africa,English,Sports,33
606,abscbnnews,Philippines,Filipino,News/Media,34
559,acmilan,Italy,English,Sports,35
74,actuallynph,United States,English,Entertainment,36
892,acunilicali,Turkey,Turkish,Entertainment,37
452,adamlevine,United States,English,Entertainment,38
501,adamschefter,United States,English,News/Media,39
991,adela_micha,Mexico,Spanish,News/Media,40
73,adele,United Kingdom,English,Entertainment,41
130,agnezmo,Indonesia,Indonesian,Entertainment,42
220,aguerosergiokun,Spain,Spanish,Sports,43
702,ahickmann,Brazil,Portuguese,Entertainment,44
760,ahmet_davutoglu,Turkey,Turkish,Politics,45
789,ahmethc,Turkey,Turkish,News/Media,46
175,ajarabic,Qatar,Arabic,News/Media,47
232,ajaydevgn,India,English,Entertainment,48
615,ajelnews24,Saudi Arabia,Arabic,News/Media,49
704,ajenglish,Qatar,English,News/Media,50
796,ajinkyarahane88,India,English,Sports,51
968,akiko_lawson,Japan,Japanese,Corporate/Company,52
683,akon,United States,English,Entertainment,53
41,akshaykumar,India,English,Entertainment,54
790,alahly,Egypt,Arabic,Sports,55
200,alarabiya,Saudi Arabia,Arabic,News/Media,56
111,alarabiya_brk,UAE,Arabic,News/Media,57
780,aldenrichards02,Philippines,Tagalog,Entertainment,58
108,alejandrosanz,Spain,Spanish,Entertainment,59
619,alexoficial,Mexico,Spanish,Entertainment,60
896,alfiedeyes,United Kingdom,English,Entertainment,61
469,alhadath,UAE,Arabic,News/Media,62
404,alhilal_fc,Saudi Arabia,Arabic,Sports,63
103,aliaa08,India,English,Entertainment,64
59,aliciakeys,United States,English,Entertainment,65
913,alishamarie,United States,English,Entertainment,66
584,allindiabakchod,India,English,Entertainment,67
835,allkpop,United States,English,News/Media,68
956,alvarouribevel,Colombia,Spanish,Politics,69
298,alwaleed_talal,Saudi Arabia,Arabic,Corporate/Company,70
895,alyankovic,United States,English,Entertainment,71
555,amazingphil,United Kingdom,English,Entertainment,72
107,amitshah,India,Hindi,Politics,73
335,amrdiab,Egypt,Arabic,Entertainment,74
321,amrkhaled,Egypt,Arabic,Religion,75
580,amrwaked,Egypt,Arabic,Entertainment,76
366,anahi,Mexico,Spanish,Entertainment,77
508,anandmahindra,India,English,Corporate/Company,78
952,ancalerts,Philippines,Filipino,News/Media,79
357,andersoncooper,United States,English,News/Media,80
817,andrealegarreta,Mexico,Spanish,Entertainment,81
562,andrearussett,United States,English,Entertainment,82
85,andresiniesta8,Japan,Spanish,Sports,83
336,android,United States,English,Corporate/Company,84
998,angelicaksy,Brazil,Portuguese,News/Media,85
804,anilkapoor,India,English,Entertainment,86
536,anirudhofficial,India,English,Entertainment,87
319,anitta,Brazil,Portuguese,Entertainment,88
556,annakendrick47,United States,English,Entertainment,89
226,annecurtissmith,Philippines,English,Entertainment,90
618,antanddec,United Kingdom,English,Entertainment,91
610,antogriezmann,Spain,French,Sports,92
146,anupampkher,India,Hindi,Entertainment,93
98,anushkasharma,India,English,Entertainment,94
608,aoc,United States,English,Politics,95
201,ap,United States,English,News/Media,96
129,aplusk,United States,English,Entertainment,97
370,applemusic,United States,English,Corporate/Company,98
924,arabicbest,Saudi Arabia,Arabic,News/Media,99
9,arianagrande,United States,English,Entertainment,100
576,aristeguicnn,Mexico,Spanish,News/Media,101
443,aristeguionline,Mexico,Spanish,News/Media,102
561,ariyoshihiroiki,Japan,Japanese,Entertainment,103
920,armurugadoss,India,Tamil,Entertainment,104
90,arrahman,India,English,Entertainment,105
156,arsenal,United Kingdom,English,Sports,106
170,arunjaitley,India,English,Politics,107
117,arvindkejriwal,India,Hindi,Politics,108
964,ashabhosle,India,English,Entertainment,109
231,ashleytisdale,United States,English,Entertainment,110
679,ashton5sos,Australia,English,Entertainment,111
190,asli_jacqueline,India,English,Entertainment,112
849,asliyoyo,India,English,Entertainment,113
633,atademirer,Turkey,Turkish,Entertainment,114
676,auronplay,Spain,Spanish,Entertainment,115
378,austinmahone,United States,English,Entertainment,116
840,avengers,United States,English,Entertainment,117
97,avrillavigne,Canada,English,Entertainment,118
852,ayushmannk,India,English,Entertainment,119
327,azizansari,United States,English,Entertainment,120
744,bambam1a,Thailand,Thai,Entertainment,121
0,barackobama,United States,English,Politics,122
421,basuki_btp,Indonesia,Indonesian,Politics,123
722,battalalgoos,Saudi Arabia,Arabic,News/Media,124
1763,bbb,Brazil,Portuguese,Entertainment,125
28,bbcbreaking,United Kingdom,English,News/Media,126
313,bbcnews,United Kingdom,English,News/Media,127
458,bbcsport,United Kingdom,English,News/Media,128
69,bbcworld,United Kingdom,English,News/Media,129
286,bcci,India,English,Sports,130
759,bclsinclair,Indonesia,Indonesian,Entertainment,131
574,bdutt,India,English,News/Media,132
31,beingsalmankhan,India,English,Entertainment,133
990,beinsports,France,Arabic,News/Media,134
755,belindapop,Mexico,Spanish,Entertainment,135
611,bellathorne,United States,English,Entertainment,136
320,benzema,Spain,French,Sports,137
349,bernardokath,Philippines,English,News/Media,138
266,berniesanders,United States,English,Politics,139
903,bethanymota,United States,English,Entertainment,140
165,beyonce,United States,English,Entertainment,141
476,bhogleharsha,India,English,News/Media,142
208,bighitent,South Korea,Korean,Corporate/Company,143
184,bigsean,United States,English,Entertainment,144
428,billboard,United States,English,Corporate/Company,145
271,billclinton,United States,English,Politics,146
20,billgates,United States,English,Corporate/Company,147
310,billmaher,United States,English,Entertainment,148
765,billsimmons,United States,English,News/Media,149
668,bipsluvurself,India,English,Entertainment,150
215,bjp4india,India,Hindi,Politics,151
104,blakeshelton,United States,English,Entertainment,152
445,bleacherreport,United States,English,News/Media,153
842,bomanirani,India,English,Entertainment,154
847,booba,France,French,Corporate/Company,155
591,bourdain,United States,English,Entertainment,156
377,breakingnews,United States,English,News/Media,157
1010,bretmanrock,United States,English,Entertainment,158
17,britneyspears,United States,English,Entertainment,159
681,brozoxmiswebs,Mexico,Spanish,Entertainment,160
481,brumarquezine,Brazil,Portuguese,Entertainment,161
971,brunogagliasso,Brazil,Portuguese,Entertainment,162
29,brunomars,United States,English,Entertainment,163
918,bschweinsteiger,Germany,German,Sports,164
105,bts_bighit,South Korea,Korean,Entertainment,165
602,bts_jp_official,South Korea,Japanese,Entertainment,166
80,bts_twt,South Korea,Korean,Entertainment,167
464,burberry,United Kingdom,English,Corporate/Company,168
682,business,United States,English,News/Media,169
657,buzzfeed,United States,English,News/Media,170
569,calum5sos,Australia,English,Entertainment,171
251,calvinharris,United Kingdom,English,Entertainment,172
155,camerondallas,United States,English,Entertainment,173
302,camila_cabello,United States,English,Entertainment,174
365,caradelevingne,United Kingdom,English,Entertainment,175
279,carles5puyol,Spain,Spanish,Sports,176
462,carlosloret,Mexico,Spanish,News/Media,177
893,carlosvives,Colombia,Spanish,Entertainment,178
354,carlyraejepsen,Canada,English,Entertainment,179
393,carmeloanthony,United States,English,Sports,180
982,carole_samaha,Lebanon,Arabic,Entertainment,181
456,carrieunderwood,United States,English,Entertainment,182
821,caspar_lee,United Kingdom,English,Entertainment,183
448,cbabdullahgul,Turkey,Turkish,Politics,184
531,cbsnews,United States,English,News/Media,185
358,cesc4official,France,Spanish,Sports,186
762,cfkargentina,Argentina,Spanish,Politics,187
203,cgtnofficial,China,English,News/Media,188
402,ch14_,United States,Spanish,Sports,189
67,championsleague,Switzerland,English,Sports,190
467,chancetherapper,United States,English,Entertainment,191
224,chanel,United States,English,Corporate/Company,192
472,channingtatum,United States,English,Entertainment,193
309,charliesheen,United States,English,Entertainment,194
384,chayannemusic,Puerto Rico,Spanish,Entertainment,195
195,chelseafc,United Kingdom,English,Sports,196
479,chelseahandler,United States,English,Entertainment,197
844,chennaiipl,India,English,Sports,198
601,cherlloyd,United Kingdom,English,Entertainment,199
746,cherylofficial,United Kingdom,English,Entertainment,200
678,chespiritorgb,Mexico,Spanish,Entertainment,201
241,chetan_bhagat,India,English,Entertainment,202
56,chrisbrown,United States,English,Entertainment,203
209,chrisevans,United States,English,Entertainment,204
613,chrishemsworth,Australia,English,Entertainment,205
879,chrisrock,United States,English,Entertainment,206
297,ciara,United States,English,Entertainment,207
278,cinema21,Indonesia,Indonesian,Corporate/Company,208
699,cinemex,Mexico,Spanish,Corporate/Company,209
527,cinepolis,Mexico,Spanish,Corporate/Company,210
181,claudialeitte,Brazil,Portuguese,Entertainment,211
958,cmshehbaz,Pakistan,Urdu,Politics,212
182,cmylmz,Turkey,Turkish,Entertainment,213
21,cnn,United States,English,News/Media,214
285,cnnarabic,UAE,Arabic,News/Media,215
15,cnnbrk,United States,English,News/Media,216
120,cnnee,United States,Spanish,News/Media,217
330,cnni,United States,English,News/Media,218
950,cnnturk,Turkey,Turkish,News/Media,219
485,cocielo,Brazil,Portuguese,Entertainment,220
571,codysimpson,Australia,English,Entertainment,221
88,coldplay,Canada,English,Entertainment,222
360,colesprouse,United States,English,Entertainment,223
841,common,United States,English,Entertainment,224
65,conanobrien,United States,English,Entertainment,225
387,connorfranta,United States,English,Entertainment,226
719,corinthians,Brazil,Portuguese,Sports,227
493,cp3,United States,English,Sports,228
4,cristiano,Italy,Portuguese,Sports,229
834,crowdfire,United States,English,Corporate/Company,230
345,cuervotinelli,Argentina,Spanish,Entertainment,231
595,cuneytozdemir,Turkey,Turkish,News/Media,232
728,cyrilhanouna,France,French,Entertainment,233
245,d_degea,United Kingdom,Spanish,Sports,234
225,daddy_yankee,Puerto Rico,Spanish,Entertainment,235
113,dalailama,India,English,Religion,236
875,danawhite,United States,English,Sports,237
829,dangerusswilson,United States,English,Sports,238
405,danialvesd2,Brazil,Portuguese,Sports,239
477,danielhowell,United Kingdom,English,Entertainment,240
79,danieltosh,United States,English,Entertainment,241
133,danilogentili,Brazil,Portuguese,Entertainment,242
356,davidbisbal,Spain,Spanish,Entertainment,243
923,daviddobrik,United States,English,Entertainment,244
99,davidguetta,France,French,Entertainment,245
416,davidluiz_4,United Kingdom,Portuguese,Sports,246
885,dbdevletbahceli,Turkey,Turkish,Politics,247
35,ddlovato,United States,English,Entertainment,248
540,debbouzejamel,France,French,Entertainment,249
72,deepikapadukone,India,English,Entertainment,250
636,demetakalin,Turkey,Turkish,Entertainment,251
150,detikcom,Indonesia,Indonesian,News/Media,252
398,dhanushkraja,India,English,Entertainment,253
164,diddy,United States,English,Entertainment,254
888,diegoforlan7,Uruguay,Spanish,Sports,255
691,dilmabr,Brazil,Portuguese,Politics,256
484,dior,France,English,Corporate/Company,257
435,discovery,United States,English,Entertainment,258
941,dishpatani,India,English,Entertainment,259
634,disney,United States,English,Entertainment,260
712,disneystudios,United States,English,News/Media,261
943,djkhaled,United States,English,Entertainment,262
427,djokernole,Serbia,English,Sports,263
426,dog_rates,United States,English,Entertainment,264
874,dolcegabbana,Italy,English,Corporate/Company,265
933,dollyparton,United States,English,Entertainment,266
934,donaldjtrumpjr,United States,English,Politics,267
881,donghae861015,South Korea,Korean,Entertainment,268
898,donomar,Puerto Rico,Spanish,Entertainment,269
705,dost_pagasa,Philippines,English,Corporate/Company,270
110,dr_alqarnee,Saudi Arabia,Arabic,Religion,271
34,drake,Canada,English,Entertainment,272
537,drkumarvishwas,India,Hindi,Entertainment,273
955,dualipa,United Kingdom,English,Entertainment,274
573,dulcemaria,Mexico,Spanish,Entertainment,275
653,dwighthoward,United States,English,Sports,276
406,dwyanewade,United States,English,Sports,277
978,dylanobrien,United States,English,Entertainment,278
980,dylansprouse,United States,English,Entertainment,279
802,ea,United States,English,Sports,280
529,easportsfifa,Canada,English,Sports,281
121,edsheeran,United Kingdom,English,Entertainment,282
526,el_pais,Spain,Spanish,News/Media,283
814,el_universal_mx,Mexico,Spanish,News/Media,284
687,elbaradei,Egypt,Arabic,Politics,285
882,elespectador,Colombia,Spanish,News/Media,286
180,elissakh,Lebanon,Arabic,Entertainment,287
626,ellemagazine,United States,English,News/Media,288
627,elliegoulding,United Kingdom,English,Entertainment,289
959,elnacionalweb,Venezuela,Spanish,News/Media,290
48,elonmusk,United States,English,Corporate/Company,291
589,eltiempo,Colombia,Spanish,News/Media,292
917,eluniversal,Venezuela,Spanish,News/Media,293
89,eminem,United States,English,Entertainment,294
891,emmanuelmacron,France,French,Politics,295
64,emmawatson,United Kingdom,English,Entertainment,296
277,enews,United States,English,News/Media,297
197,enriqueiglesias,Spain,Spanish,Entertainment,298
550,epn,Mexico,Spanish,Politics,299
1011,equipedefrance,France,French,Sports,300
42,espn,United States,English,News/Media,301
766,espncricinfo,United Kingdom,English,News/Media,302
660,espnnba,United States,English,Sports,303
628,estadao,Brazil,Portuguese,News/Media,304
459,ethandolan,United States,English,Entertainment,305
325,eugenioderbez,Mexico,Spanish,Entertainment,306
605,europaleague,Switzerland,English,Sports,307
577,evalongoria,United States,English,Entertainment,308
645,ew,United States,English,News/Media,309
437,fabioporchat,Brazil,Portuguese,Entertainment,310
219,facebook,United States,English,Corporate/Company,311
726,factsofschool,United States,English,News/Media,312
868,facufacundo,Mexico,Spanish,News/Media,313
132,falcao,United Kingdom,Spanish,Sports,314
254,faroutakhtar,India,English,Entertainment,315
523,fatihportakal,Turkey,Turkish,News/Media,316
603,fayez_malki,Saudi Arabia,Arabic,Entertainment,317
53,fcbarcelona,Spain,English,Sports,318
768,fcbarcelona_cat,Spain,Catalan,Sports,319
172,fcbarcelona_es,Spain,Spanish,Sports,320
977,fcbayern,Germany,German,Sports,321
954,fcfseleccioncol,Colombia,Spanish,Sports,322
590,fearnecotton,United Kingdom,English,Entertainment,323
604,fecastanhari,Brazil,Portuguese,Entertainment,324
779,felipecalderon,Mexico,Spanish,Politics,325
296,felipeneto,Brazil,Portuguese,Entertainment,326
560,fenerbahce,Turkey,Turkish,Sports,327
890,fernanfloo,El Salvador,Spanish,Entertainment,328
222,fifacom,Switzerland,English,Sports,329
513,fifaworldcup,Switzerland,English,Sports,330
973,fifthharmony,United States,English,Entertainment,331
654,financialtimes,United Kingdom,English,News/Media,332
869,fiuk,Brazil,Portuguese,Entertainment,333
641,flamengo,Brazil,Portuguese,Sports,334
656,flotus44,United States,English,Politics,335
496,floydmayweather,United States,English,Sports,336
552,folha,Brazil,Portuguese,News/Media,337
652,foodandwine,United States,English,News/Media,338
149,forbes,United States,English,News/Media,339
344,fortnitegame,United States,English,Sports,340
115,foxnews,United States,English,News/Media,341
414,france24_ar,France,Arabic,News/Media,342
211,funnyordie,United States,English,News/Media,343
304,g1,Brazil,Portuguese,News/Media,344
631,g_higuain,United States,Spanish,Sports,345
877,gabyespino,Venezuela,Spanish,Entertainment,346
505,gadelmaleh,Canada,French,Entertainment,347
385,galatasaraysk,Turkey,Turkish,Sports,348
549,galileamontijo,Mexico,Spanish,Entertainment,349
460,gameofthrones,United States,English,Entertainment,350
124,garethbale11,Spain,English,Sports,351
528,garylineker,United Kingdom,English,Sports,352
333,gautamgambhir,India,English,Sports,353
899,geneliad,India,English,Entertainment,354
283,germangarmendia,Chile,Spanish,Entertainment,355
386,gigihadid,United States,English,Entertainment,356
928,globovision,Venezuela,Spanish,News/Media,357
932,gloriatrevi,Mexico,Spanish,Entertainment,358
739,gmail,United States,English,Corporate/Company,359
794,gmanews,Philippines,English,News/Media,360
93,google,United States,English,Corporate/Company,361
655,googlechrome,United States,English,Corporate/Company,362
582,googleplay,United States,English,Corporate/Company,363
548,gordonramsay,United Kingdom,English,Entertainment,364
495,got7official,South Korea,Korean,Entertainment,365
451,graysondolan,United States,English,Entertainment,366
912,greenday,United States,English,Entertainment,367
401,guaje7villa,Spain,Spanish,Sports,368
424,guardian,United States,English,News/Media,369
757,gucci,Italy,English,Corporate/Company,370
442,gucci1017,United States,English,Entertainment,371
694,gunsnroses,United States,English,Entertainment,372
268,gusttavo_lima,Brazil,Portuguese,Entertainment,373
797,haashoficial,Mexico,Spanish,Entertainment,374
612,haifawehbe,Lebanon,Arabic,Entertainment,375
250,halsey,United States,English,Entertainment,376
557,hamzanamira,Egypt,Arabic,Entertainment,377
338,harbhajan_singh,India,English,Sports,378
945,hardikpandya7,India,English,Sports,379
533,hardwell,Netherlands,English,Entertainment,380
36,harry_styles,United States,English,Entertainment,381
810,harvardbiz,United States,English,News/Media,382
364,hashksa,Saudi Arabia,Arabic,Corporate/Company,383
623,hazardeden10,Spain,English,Sports,384
568,hcapriles,Venezuela,Spanish,Politics,385
782,heekma,Saudi Arabia,Arabic,Religion,386
910,heidiklum,United States,English,Entertainment,387
348,hhshkmohd,UAE,Arabic,Politics,388
71,hillaryclinton,United States,English,Politics,389
466,hm,Sweden,English,Corporate/Company,390
553,hollywills,United Kingdom,English,Entertainment,391
510,hootsuite,Canada,English,News/Media,392
290,huffpost,United States,English,News/Media,393
1170,iTIGERSHROFF,India,English,Entertainment,394
926,iam_juhi,India,English,Entertainment,395
295,iamcardib,United States,English,Entertainment,396
871,iamjohnoliver,United States,English,Entertainment,397
740,iamnagarjuna,India,English,Entertainment,398
494,iamqueenlatifah,United States,English,Entertainment,399
32,iamsrk,India,English,Entertainment,400
554,iamsuperbianca,Philippines,Tagalog,Entertainment,401
246,iamwill,United States,English,Entertainment,402
583,iansomerhalder,United States,English,Entertainment,403
423,ibgdrgn,South Korea,Korean,Entertainment,404
673,ibra_official,Italy,Swedish,Sports,405
362,icc,United Kingdom,English,Sports,406
951,icecube,United States,English,Entertainment,407
500,iggyazalea,Australia,English,Entertainment,408
546,ign,United States,English,News/Media,409
997,ihansika,India,English,Entertainment,410
68,ihrithik,India,English,Entertainment,411
737,ikamalhaasan,India,Tamil,Entertainment,412
396,ikercasillas,Spain,Spanish,Sports,413
754,imaginedragons,United States,English,Entertainment,414
432,imdanielpadilla,Philippines,Indonesian,Entertainment,415
139,imraina,India,English,Sports,416
281,imrankhanpti,Pakistan,Urdu,Politics,417
147,imro45,India,English,Sports,418
44,imvkohli,India,English,Sports,419
751,imzaheer,India,English,Sports,420
639,incindia,India,Hindi,Politics,421
953,infobmkg,Indonesia,Indonesian,News/Media,422
46,instagram,United States,English,Corporate/Company,423
984,intel,United States,English,Corporate/Company,424
948,ipl,India,English,Sports,425
822,isco_alarcon,Spain,Spanish,Sports,426
815,itsenriquegil,Philippines,English,Entertainment,427
429,ivankatrump,United States,English,Politics,428
143,ivetesangalo,Brazil,Portuguese,Entertainment,429
750,jack_septic_eye,United Kingdom,English,Entertainment,430
714,jackwhitehall,United Kingdom,English,Entertainment,431
487,jaden,United States,English,Entertainment,432
659,jairbolsonaro,Brazil,Portuguese,Politics,433
833,jamescharles,United States,English,Entertainment,434
119,jamesdrodriguez,United Kingdom,Spanish,Sports,435
644,jamieoliver,United Kingdom,English,Entertainment,436
809,jason_mraz,United States,English,Entertainment,437
516,jbalvin,Colombia,Spanish,Entertainment,438
635,jccaylen,United States,English,Entertainment,439
217,jcolenc,United States,English,Entertainment,440
520,jeffreestar,United States,English,Entertainment,441
870,jenna_marbles,United States,English,Entertainment,442
770,jennettemccurdy,United States,English,Entertainment,443
567,jeremyclarkson,United Kingdom,English,News/Media,444
865,jesseyjoy,Mexico,Spanish,Entertainment,445
400,jessicaalba,United States,English,Entertainment,446
927,jessicacediel,Colombia,Spanish,News/Media,447
667,jessicasimpson,United States,English,Entertainment,448
446,jessiej,United Kingdom,English,Entertainment,449
625,jharden13,United States,English,Sports,450
118,jimcarrey,United States,English,Entertainment,451
624,jimmycarr,United Kingdom,English,Entertainment,452
19,jimmyfallon,United States,English,Entertainment,453
274,jimmykimmel,United States,English,Entertainment,454
808,jjwatt,United States,English,Sports,455
183,jk_rowling,United Kingdom,English,Entertainment,456
324,jkcorden,United Kingdom,English,Entertainment,457
25,jlo,United States,English,Entertainment,458
880,joe_sugg,United Kingdom,English,Entertainment,459
857,joebiden,United States,English,Politics,460
343,joejonas,United States,English,Entertainment,461
374,joelosteen,United States,English,Entertainment,462
736,joerogan,United States,English,Entertainment,463
256,johncena,United States,English,Sports,464
787,johncleese,United Kingdom,English,Entertainment,465
218,johnlegend,United States,English,Entertainment,466
214,jokowi,Indonesia,Indonesian,Politics,467
979,jonasbrothers,United States,English,Entertainment,468
482,jorgeemateus,Brazil,Portuguese,Entertainment,469
786,jornalnacional,Brazil,Portuguese,News/Media,470
684,jornaloglobo,Brazil,Portuguese,News/Media,471
711,joycemeyer,United States,English,Religion,472
13,jtimberlake,United States,English,Entertainment,473
282,juanes,Colombia,Spanish,Entertainment,474
511,juanluisguerra,Dominican Republic,Spanish,Entertainment,475
828,juanmansantos,Colombia,Spanish,Politics,476
504,juanmata8,United Kingdom,Spanish,Sports,477
907,juliaperrez,Indonesia,Indonesian,Entertainment,478
176,juniorbachchan,India,English,Entertainment,479
1,justinbieber,United States,English,Entertainment,480
925,justintrudeau,Canada,English,Politics,481
488,juventusfc,Italy,Italian,Sports,482
872,jypetwice,South Korea,Korean,Entertainment,483
921,k_alshenaif,Saudi Arabia,Arabic,News/Media,484
565,kadimalsahirorg,Saudi Arabia,Arabic,Entertainment,485
61,kaka,Brazil,Portuguese,Sports,486
887,kamaalrkhan,India,Hindi,Entertainment,487
62,kanyewest,United States,English,Entertainment,488
158,kapilsharmak9,India,Hindi,Entertainment,489
135,karanjohar,India,English,Entertainment,490
773,karliekloss,United States,English,Entertainment,491
803,kasimf,Qatar,Arabic,Entertainment,492
303,kata2bijak,Indonesia,Indonesian,News/Media,493
2,katyperry,United States,English,Entertainment,494
125,kdtrey5,United States,English,Sports,495
255,kellyclarkson,United States,English,Entertainment,496
600,kellyrowland,United States,English,Entertainment,497
63,kendalljenner,United States,English,Entertainment,498
265,kendricklamar,United States,English,Entertainment,499
862,kerrywashington,United States,English,Entertainment,500
700,kevadamsss,France,French,Entertainment,501
40,kevinhart4real,United States,English,Entertainment,502
843,kevinjonas,United States,English,Entertainment,503
70,khloekardashian,United States,English,Entertainment,504
587,khunnie0624,South Korea,Korean,Entertainment,505
674,kianlawley,United States,English,Entertainment,506
592,kilicdarogluk,Turkey,Turkish,Politics,507
11,kimkardashian,United States,English,Entertainment,508
24,kingjames,United States,English,Sports,509
473,kingsalman,Saudi Arabia,Arabic,Politics,510
166,kobebryant,United States,English,Sports,511
517,kompascom,Indonesia,Indonesian,News/Media,512
83,kourtneykardash,United States,English,Entertainment,513
315,krisjenner,United States,English,Entertainment,514
863,kritisanon,India,English,Entertainment,515
848,krungy21,South Korea,Korean,Entertainment,516
50,kyliejenner,United States,English,Entertainment,517
581,la_patilla,Venezuela,Spanish,News/Media,518
6,ladygaga,United States,English,Entertainment,519
411,lakers,United States,English,Sports,520
937,laliga,Spain,Spanish,Sports,521
741,lalioficial,Argentina,Spanish,Entertainment,522
372,lanadelrey,United States,English,Entertainment,523
394,legendarios,Brazil,Portuguese,Entertainment,524
417,lemondefr,France,French,News/Media,525
827,lenadunham,United States,English,Entertainment,526
961,lennykravitz,United States,English,Entertainment,527
112,leodicaprio,United States,English,Entertainment,528
856,leopoldolopez,Venezuela,Spanish,Politics,529
894,lequipe,France,French,News/Media,530
914,leventuzumcu,Turkey,Turkish,Entertainment,531
788,lewishamilton,United Kingdom,English,Sports,532
188,lfc,United Kingdom,English,Sports,533
51,liampayne,United Kingdom,English,Entertainment,534
45,liltunechi,United States,English,Entertainment,535
607,liluzivert,United States,English,Entertainment,536
931,lilyachty,United States,English,Entertainment,537
438,lindsaylohan,United States,English,Entertainment,538
731,linkinpark,United States,English,Entertainment,539
273,littlemix,United Kingdom,English,Entertainment,540
916,llcoolj,United States,English,Entertainment,541
566,lmfao,United States,English,Entertainment,542
813,loganpaul,United States,English,Entertainment,543
688,lonelyplanet,United States,English,News/Media,544
524,lopezdoriga,Mexico,Spanish,News/Media,545
594,lopezobrador_,Mexico,Spanish,Politics,546
859,lord_sugar,United States,English,Entertainment,547
541,lorde,New Zealand,English,Entertainment,548
49,louis_tomlinson,United Kingdom,English,Entertainment,549
538,louisvuitton,France,English,Corporate/Company,550
317,luansantana,Brazil,Portuguese,Entertainment,551
944,lucaslucco,Brazil,Portuguese,Entertainment,552
433,luceromexico,Mexico,Spanish,Entertainment,553
230,lucianohuck,Brazil,Portuguese,Entertainment,554
799,luckymanzano,Philippines,Tagalog,Entertainment,555
578,lucyhale,United States,English,Entertainment,556
288,ludacris,United States,English,Entertainment,557
703,ludmilla,Brazil,Portuguese,Entertainment,558
371,luisfonsi,Puerto Rico,Spanish,Entertainment,559
572,luisitocomunica,Mexico,Spanish,Entertainment,560
148,luissuarez9,Spain,Spanish,Sports,561
337,luke5sos,Australia,English,Entertainment,562
375,lukebryanonline,United States,English,Entertainment,563
724,lulopilato,Argentina,Spanish,Entertainment,564
276,lunamaya26,Indonesia,Indonesian,Entertainment,565
663,luscas,Brazil,Portuguese,Entertainment,566
455,macmiller,United States,English,Entertainment,567
355,maddow,United States,English,News/Media,568
395,madhuridixit,India,English,Entertainment,569
947,magicjohnson,United States,English,Sports,570
745,mainedcm,Philippines,Tagalog,Entertainment,571
502,maisa,Brazil,Portuguese,Entertainment,572
666,majutrindade,Brazil,Portuguese,Entertainment,573
671,maluma,Colombia,Spanish,Entertainment,574
497,mancity,United Kingdom,English,Sports,575
192,mangeshkarlata,India,Hindi,Entertainment,576
616,manoharparrikar,India,English,Politics,577
1439,mansuryavas06,Turkey,Turkish,Politics,578
854,manugavassi,Brazil,Portuguese,Entertainment,579
963,manuginobili,Argentina,Spanish,Sports,580
95,manutd,United Kingdom,English,Sports,581
878,marca,Spain,Spanish,News/Media,582
299,marcanthony,United States,Spanish,Entertainment,583
379,marcelotas,Brazil,Portuguese,Entertainment,584
390,marcoluque,Brazil,Portuguese,Entertainment,585
221,marcosmion,Brazil,Portuguese,Entertainment,586
96,mariahcarey,United States,English,Entertainment,587
431,mariasharapova,Russia,English,Sports,588
818,mariliamreal,Brazil,Portuguese,Entertainment,589
399,marioteguh,Indonesia,Indonesian,Entertainment,590
248,markiplier,United States,English,Entertainment,591
650,markruffalo,United States,English,Entertainment,592
846,marktuan,United States,English,Entertainment,593
909,marley_ok,Argentina,Spanish,Entertainment,594
179,maroon5,United States,English,Entertainment,595
420,martingarrix,Netherlands,English,Entertainment,596
388,marvel,United States,English,Corporate/Company,597
831,maryamnsharif,Pakistan,Urdu,Politics,598
733,maryjblige,United States,English,Entertainment,599
478,mascherano,Argentina,Spanish,Sports,600
368,mashable,United States,English,News/Media,601
532,matsu_bouzu,Japan,Japanese,Entertainment,602
905,mauriciomacri,Argentina,Spanish,Politics,603
824,mbc2,UAE,Arabic,News/Media,604
498,mcuban,United States,English,Corporate/Company,605
367,meekmill,United States,English,Entertainment,606
84,mesutozil1088,Turkey,German,Sports,607
756,metallica,United States,English,Entertainment,608
331,metro_tv,Indonesia,Indonesian,News/Media,609
1016,miamiheat,United States,English,Sports,610
342,michael5sos,Australia,English,Entertainment,611
173,michelleobama,United States,English,Politics,612
783,micheltelo,Brazil,Portuguese,Entertainment,613
412,microsoft,United States,English,Corporate/Company,614
839,miketyson,United States,English,Sports,615
26,mileycyrus,United States,English,Entertainment,616
270,mindykaling,United States,English,Entertainment,617
826,mipaltan,India,English,Sports,618
558,mirandacosgrove,United States,English,Entertainment,619
889,mirandakerr,Australia,English,Entertainment,620
588,mirandalambert,United States,English,Entertainment,621
392,mirzasania,India,English,Sports,622
717,miseleccionmx,Mexico,Spanish,Sports,623
621,missyelliott,United States,English,Entertainment,624
440,mlb,United States,English,Sports,625
716,mmflint,United States,English,Entertainment,626
106,mohamadalarefe,Saudi Arabia,Arabic,Religion,627
449,monsieurdream,France,French,Entertainment,628
397,montanertwiter,Argentina,Spanish,Entertainment,629
263,mosalah,United Kingdom,Arabic,Sports,630
742,mpokora,France,French,Entertainment,631
825,mrsfunnybones,India,English,Entertainment,632
525,msdhoni,India,English,Sports,633
816,msleasalonga,Philippines,Tagalog,Entertainment,634
153,mtv,United States,English,News/Media,635
900,mtvnews,United States,English,News/Media,636
763,muftimenk,Zimbabwe,English,Religion,637
697,multishow,Brazil,Portuguese,News/Media,638
853,museummodernart,United States,English,Corporate/Company,639
419,mustafahosny,Egypt,Arabic,Religion,640
457,muyinteresante,Spain,Spanish,News/Media,641
646,myogiadityanath,India,Hindi,Religion,642
642,myxphilippines,Philippines,Tagalog,Entertainment,643
307,nabilalawadhy,Kuwaiti,Arabic,Entertainment,644
658,naguibsawiris,Egypt,Arabic,Corporate/Company,645
475,najwakaram,Lebanon,Arabic,Entertainment,646
936,najwashihab,Indonesia,Indonesian,News/Media,647
185,nancyajram,Lebanon,Arabic,Entertainment,648
16,narendramodi,India,English,Politics,649
37,nasa,United States,English,Corporate/Company,650
769,naseralomar,Saudi Arabia,Arabic,Religion,651
629,nashgrier,United States,English,Entertainment,652
87,natgeo,United States,English,News/Media,653
58,nba,United States,English,Sports,654
530,nbcnews,United States,English,News/Media,655
873,nbcthevoice,United States,English,News/Media,656
233,ndtv,India,English,News/Media,657
206,neiltyson,United States,English,Entertainment,658
506,netflix,United States,English,Corporate/Company,659
389,netflixbrasil,United States,Portuguese,Corporate/Company,660
413,newyorker,United States,English,News/Media,661
22,neymarjr,France,Portuguese,Sports,662
637,neyocompound,United States,English,Entertainment,663
81,nfl,United States,English,Sports,664
692,nhl,United States,English,Sports,665
33,niallofficial,Ireland,English,Entertainment,666
101,nickiminaj,United States,English,Entertainment,667
186,nickjonas,United States,English,Entertainment,668
866,nicolescherzy,United States,English,Entertainment,669
480,nike,United States,English,Corporate/Company,670
575,ninadobrev,Canada,English,Entertainment,671
775,ninja,United States,English,Sports,672
332,nintendoamerica,United States,English,Corporate/Company,673
593,nitin_gadkari,India,Hindi,Politics,674
563,normandesvideos,France,French,Entertainment,675
430,noticiascaracol,Colombia,Spanish,News/Media,676
499,noticiasrcn,Colombia,Spanish,News/Media,677
453,nsaina,India,Hindi,Sports,678
545,ntv,Turkey,Turkish,News/Media,679
721,ntvspor,Turkey,Turkish,News/Media,680
23,nytimes,United States,English,News/Media,681
734,oceara,Brazil,Portuguese,Entertainment,682
904,official_flo,United States,English,Corporate/Company,683
518,officialhenedy,Egypt,Arabic,Entertainment,684
614,okanbayulgen,Turkey,Turkish,Entertainment,685
988,olaalfares,Qatar,Arabic,News/Media,686
975,olla_ramlan,Indonesia,Indonesian,Entertainment,687
718,olympics,Switzerland,English,Sports,688
570,omarchaparro,Mexico,Spanish,Entertainment,689
620,omgfacts,United States,English,News/Media,690
57,onedirection,United Kingdom,English,Entertainment,691
850,onelouderapps,United States,English,News/Media,692
27,oprah,United States,English,Entertainment,693
698,oserginho,Brazil,Portuguese,News/Media,694
861,ozzyosbourne,United Kingdom,English,Entertainment,695
886,pamyurin,Japan,Japanese,Entertainment,696
805,paramore,United States,English,Entertainment,697
212,parineetichopra,India,English,Entertainment,698
141,parishilton,United States,English,Entertainment,699
1039,pattonoswalt,United States,English,Entertainment,700
551,paugasol,Spain,Spanish,Sports,701
306,paulinarubio,Mexico,Spanish,Entertainment,702
774,paulitachaves,Argentina,Spanish,Entertainment,703
167,paulocoelho,Brazil,Portuguese,Entertainment,704
547,paulpogba,United Kingdom,French,Sports,705
579,pdchina,China,English,News/Media,706
962,pedroalfonsoo,Argentina,Spanish,Corporate/Company,707
758,perezhilton,United States,English,Entertainment,708
380,persie_official,Netherlands,English,Sports,709
675,petewentz,United States,English,Entertainment,710
318,pharrell,United States,English,Entertainment,711
542,piersmorgan,United Kingdom,English,News/Media,712
55,pink,United States,English,Entertainment,713
78,pitbull,United States,English,Entertainment,714
471,piyushgoyal,India,Hindi,Politics,715
127,playstation,United States,English,Corporate/Company,716
908,pledis_17,South Korea,Korean,Entertainment,717
43,pmoindia,India,Hindi,Politics,718
974,poconggg,Indonesia,Indonesian,Entertainment,719
772,pokemon,Japan,English,Corporate/Company,720
983,polo_polo,Mexico,Spanish,Entertainment,721
123,pontifex,Vatican City,English,Religion,722
128,pontifex_es,Vatican City,Spanish,Religion,723
938,pontifex_it,Vatican City,Italian,Religion,724
686,postmalone,United States,English,Entertainment,725
60,potus,United States,English,Politics,726
178,potus44,United States,English,Politics,727
52,potus45,United States,English,Politics,728
514,prattprattpratt,United States,English,Entertainment,729
92,premierleague,United Kingdom,English,Sports,730
860,pretagil,Brazil,Portuguese,Entertainment,731
661,princeroyce,United States,Spanish,Entertainment,732
77,priyankachopra,India,English,Entertainment,733
301,programapanico,Brazil,Portuguese,Entertainment,734
509,psg_inside,France,French,Sports,735
340,queenrania,Jordan,Arabic,Politics,736
157,radityadika,Indonesia,Indonesian,Entertainment,737
160,rafaelnadal,Spain,Spanish,Sports,738
441,raffiahmadlagi,Indonesia,Indonesian,Entertainment,739
284,rafinhabastos,Brazil,Portuguese,Entertainment,740
710,raghebalama,Lebanon,Arabic,Entertainment,741
207,rahulgandhi,India,Hindi,Politics,742
425,raisa6690,Indonesia,Indonesian,Entertainment,743
777,rajinikanth,India,Tamil,Entertainment,744
142,rajnathsingh,India,Hindi,Politics,745
749,ranadaggubati,India,English,Entertainment,746
715,randyorton,United States,English,Sports,747
213,ranveerofficial,India,English,Entertainment,748
767,raphaelvarane,Spain,French,Sports,749
391,rashtrapatibhvn,India,English,Politics,750
196,realhughjackman,Australia,English,Entertainment,751
47,realmadrid,Spain,Spanish,Sports,752
418,realmadridarab,Spain,Arabic,Sports,753
300,realmadriden,Spain,English,Sports,754
946,realmikewilbon,United States,English,News/Media,755
960,realpreityzinta,India,English,Entertainment,756
353,realwbonner,Brazil,Portuguese,News/Media,757
1006,recordtvoficial,Brazil,Portuguese,News/Media,758
867,redcross,United States,English,Corporate/Company,759
791,redhourben,United States,English,Entertainment,760
94,reuters,United Kingdom,English,News/Media,761
334,ricardo_arjona,Guatemala,Spanish,Entertainment,762
242,richardbranson,United Kingdom,English,Corporate/Company,763
102,ricky_martin,United States,Spanish,Entertainment,764
191,rickygervais,United Kingdom,English,Entertainment,765
3,rihanna,United States,English,Entertainment,766
326,rioferdy5,United Kingdom,English,Sports,767
622,ritaora,United Kingdom,English,Entertainment,768
339,riteishd,India,English,Entertainment,769
447,rntata2000,India,English,Corporate/Company,770
177,robertdowneyjr,United States,English,Entertainment,771
329,rockstargames,United States,English,Corporate/Company,772
798,rodrigovesgo,Brazil,Portuguese,News/Media,773
239,rogerfederer,Switzerland,English,Sports,774
689,rollingstone,United States,English,News/Media,775
152,rterdogan,Turkey,Turkish,Politics,776
193,rubiu5,Spain,Spanish,Entertainment,777
677,russwest44,United States,English,Sports,778
287,rustyrockets,United Kingdom,English,Entertainment,779
159,ryanseacrest,United States,English,Entertainment,780
227,sabqorg,Saudi Arabia,Arabic,News/Media,781
54,sachin_rt,India,English,Sports,782
649,salehalmoghamsy,Saudi Arabia,Arabic,Religion,783
223,salman_alodah,Saudi Arabia,Arabic,Religion,784
491,samanthaprabhu2,India,English,Entertainment,785
564,samialjaber,Saudi Arabia,Arabic,Corporate/Company,786
470,samsmith,United Kingdom,English,Entertainment,787
261,samsungmobile,South Korea,English,Corporate/Company,788
939,samsungmobileus,South Korea,English,Corporate/Company,789
463,samuelljackson,United States,English,Entertainment,790
929,samuelmilby,Philippines,Tagalog,Entertainment,791
651,sandradewi88,Indonesia,Indonesian,Entertainment,792
732,sandyleah,Brazil,Portuguese,Entertainment,793
249,sarahksilverman,United States,English,Entertainment,794
407,sardesairajdeep,India,Hindi,News/Media,795
234,saudinews50,Saudi Arabia,Arabic,News/Media,796
986,sbtonline,Brazil,Portuguese,News/Media,797
352,sbyudhoyono,Indonesia,Indonesian,Politics,798
617,scottdisick,United States,English,Entertainment,799
1001,sdhawan25,India,English,Sports,800
981,seanhannity,United States,English,News/Media,801
12,selenagomez,United States,English,Entertainment,802
373,sensanders,United States,English,Politics,803
761,senwarren,United States,English,Politics,804
322,serenawilliams,United States,English,Sports,805
137,sergioramos,France,Spanish,Sports,806
198,sethmacfarlane,United States,English,Entertainment,807
911,sethmeyers,United States,English,Entertainment,808
454,sethrogen,United States,English,Entertainment,809
174,shahidkapoor,India,English,Entertainment,810
18,shakira,United States,Spanish,Entertainment,811
359,shanedawson,United States,English,Entertainment,812
169,shaq,United States,English,Sports,813
534,shashitharoor,India,English,Politics,814
82,shawnmendes,Canada,English,Entertainment,815
323,sherinasinna,Indonesia,Indonesian,Entertainment,816
647,sherine,Egypt,Arabic,Entertainment,817
884,shfly3424,South Korea,Korean,Entertainment,818
351,showdavida,Brazil,Portuguese,Entertainment,819
247,shraddhakapoor,India,English,Entertainment,820
586,shreyaghoshal,India,English,Entertainment,821
521,shrutihaasan,India,English,Entertainment,822
126,shugairi,Saudi Arabia,Arabic,Entertainment,823
382,sidmalhotra,India,English,Entertainment,824
795,silagencoglu,Turkey,Turkish,Entertainment,825
289,simoncowell,United Kingdom,English,Entertainment,826
743,simonpegg,United Kingdom,English,Entertainment,827
599,siwonchoi,South Korea,Korean,Entertainment,828
693,skrillex,United States,English,Entertainment,829
729,skynews,United Kingdom,English,News/Media,830
901,skype,United States,English,Corporate/Company,831
864,skysports,United Kingdom,English,News/Media,832
539,skysportsnews,United Kingdom,English,News/Media,833
311,smritiirani,India,Hindi,Politics,834
486,smtownglobal,South Korea,Korean,Corporate/Company,835
695,snooki,United States,English,Entertainment,836
122,snoopdogg,United States,English,Entertainment,837
415,sofiavergara,Colombia,English,Entertainment,838
229,sonamakapoor,India,English,Entertainment,839
764,sonic_hedgehog,United States,English,News/Media,840
876,souljaboy,United States,English,Entertainment,841
347,spacex,United States,English,Corporate/Company,842
512,spideranderson,Brazil,Portuguese,Sports,843
38,sportscenter,United States,English,News/Media,844
807,sportsnation,United States,English,News/Media,845
30,srbachchan,India,Hindi,Entertainment,846
940,ssrajamouli,India,English,Entertainment,847
305,starbucks,United States,English,Corporate/Company,848
996,starbucks_j,United States,Japanese,Corporate/Company,849
820,stationcdrkelly,United States,English,Politics,850
942,stephenasmith,United States,English,News/Media,851
116,stephenathome,United States,English,Entertainment,852
194,stephencurry30,United States,English,Sports,853
237,stephenfry,United Kingdom,English,Entertainment,854
781,stephenking,United States,English,Entertainment,855
465,steveaoki,United States,English,Entertainment,856
771,stevecarell,United States,English,Entertainment,857
434,stevemartintogo,United States,English,Entertainment,858
993,sudhirchaudhary,India,Hindi,News/Media,859
838,sunnyleone,India,English,Entertainment,860
801,suriya_offl,India,English,Entertainment,861
228,sushmaswaraj,India,Hindi,Politics,862
409,swamy39,India,English,Politics,863
1571,sza,United States,English,Entertainment,864
640,talhabeeb,Saudi Arabia,Arabic,Religion,865
837,tarajiphenson,United States,English,Entertainment,866
363,tareqalsuwaidan,Kuwaiti,Arabic,Religion,867
291,tatawerneck,Brazil,Portuguese,Entertainment,868
976,tate,United Kingdom,English,Corporate/Company,869
5,taylorswift13,United States,English,Entertainment,870
519,tcbestepe,Turkey,Turkish,Politics,871
350,techcrunch,United States,English,News/Media,872
294,tedtalks,United States,English,Corporate/Company,873
883,tesla,United States,English,Corporate/Company,874
830,tf1,France,French,News/Media,875
369,thalia,Mexico,Spanish,Entertainment,876
919,theajmendez,United States,English,Sports,877
439,thedailyshow,United States,English,Entertainment,878
86,theeconomist,United Kingdom,English,News/Media,879
8,theellenshow,United States,English,Entertainment,880
609,thefarahkhan,India,English,Entertainment,881
935,thekillers,United States,English,Entertainment,882
257,thekiranbedi,India,English,Politics,883
489,thenotoriousmma,United Kingdom,English,Sports,884
293,theonion,United States,English,News/Media,885
187,therock,United States,English,Entertainment,886
738,theshilpashetty,India,English,Entertainment,887
727,thesushmitasen,India,English,Entertainment,888
707,thetweetofgod,United States,English,Religion,889
752,thevijaymallya,India,English,Corporate/Company,890
264,theweeknd,United States,English,Entertainment,891
468,theweirdworld,India,English,Entertainment,892
643,thexfactor,United Kingdom,English,Entertainment,893
989,thiaguinhocomth,Brazil,Portuguese,Entertainment,894
930,tiesto,Netherlands,English,Entertainment,895
665,tigerwoods,United States,English,Sports,896
272,tim_cook,United States,English,Corporate/Company,897
138,time,United States,English,News/Media,898
236,timesofindia,India,English,News/Media,899
408,tip,United States,English,Entertainment,900
503,tmcpoldametro,Indonesia,Indonesian,Corporate/Company,901
832,tmz,United States,English,News/Media,902
906,todonoticias,Argentina,Spanish,News/Media,903
630,tomcruise,United States,English,Entertainment,904
144,tomhanks,United States,English,Entertainment,905
949,tomholland1996,United Kingdom,English,Entertainment,906
483,tonikroos,Spain,German,Sports,907
806,trans7,Indonesia,Indonesian,News/Media,908
855,transtv_corp,Indonesia,Indonesian,News/Media,909
328,trevornoah,United States,English,Entertainment,910
204,treysongz,United States,English,Entertainment,911
544,tripleh,United States,English,Sports,912
383,troyesivan,Australia,English,Entertainment,913
492,trvisxx,United States,English,Entertainment,914
422,tvonenews,Indonesia,Indonesian,News/Media,915
235,tweetramalan,Indonesia,Indonesian,News/Media,916
669,twitch,United States,English,Sports,917
14,twitter,United States,English,Corporate/Company,918
720,twitterapi,United States,English,Corporate/Company,919
706,twitterbooks,United States,English,Corporate/Company,920
597,twittermovies,United States,English,News/Media,921
267,twittermusic,United States,English,News/Media,922
171,twittersports,United States,English,News/Media,923
381,twittertv,United States,English,News/Media,924
915,tyga,United States,English,Entertainment,925
753,tyleroakley,United States,English,Entertainment,926
708,tylerperry,United States,English,Entertainment,927
444,tylerthecreator,United States,English,Entertainment,928
189,tyrabanks,United States,English,Entertainment,929
205,uberfacts,United States,English,News/Media,930
238,ubersoc,United States,English,News/Media,931
522,ubisoft,France,English,Corporate/Company,932
535,ufc,United States,English,Sports,933
252,un,United States,English,Corporate/Company,934
474,unicef,United States,English,Corporate/Company,935
376,urstrulymahesh,India,English,Entertainment,936
957,usainbolt,Jamaica,English,Sports,937
259,usher,United States,English,Entertainment,938
819,valeyellow46,Italy,Italian,Sports,939
151,vancityreynolds,United States,English,Entertainment,940
585,vanessahudgens,United States,English,Entertainment,941
967,vanityfair,United States,English,News/Media,942
292,varun_dvn,India,English,Entertainment,943
670,vegetta777,Spain,Spanish,Entertainment,944
450,veja,Brazil,Portuguese,News/Media,945
851,vekilince,Turkey,Turkish,Politics,946
992,versace,Italy,English,Corporate/Company,947
632,vhongx44,Philippines,Tagalog,Entertainment,948
216,vicegandako,Philippines,Tagalog,Entertainment,949
253,victoriabeckham,United Kingdom,English,Entertainment,950
346,victoriajustice,United States,English,Entertainment,951
312,victoriassecret,United States,English,Corporate/Company,952
436,vidialdiano,Indonesia,Indonesian,Entertainment,953
100,virendersehwag,India,English,Sports,954
812,vjdaniel,Indonesia,Indonesian,Entertainment,955
210,voguemagazine,United States,English,News/Media,956
403,vp,United States,English,Politics,957
696,wale,United States,English,Entertainment,958
598,waleedalfarraj,Saudi Arabia,Arabic,Entertainment,959
662,walkingdead_amc,United States,English,Entertainment,960
672,warriors,United States,English,Sports,961
163,washingtonpost,United States,English,News/Media,962
136,waynerooney,United Kingdom,English,Sports,963
1065,wbpictures,United States,English,Corporate/Company,964
507,weareoneexo,South Korea,Korean,Entertainment,965
461,werevertumorro,Mexico,Spanish,Entertainment,966
709,whattheffacts,Canada,English,News/Media,967
162,whindersson,Brazil,Portuguese,Entertainment,968
91,whitehouse,United States,English,Politics,969
75,whitehouse45,United States,English,Politics,970
515,who,Switzerland,English,Corporate/Company,971
2869,whoisaddison,United States,,Entertainment,972
823,wikileaks,Australia,English,News/Media,973
735,willyrexyt,Spain,Spanish,Entertainment,974
690,windows,United States,English,Corporate/Company,975
341,wired,United States,English,News/Media,976
965,wisinyyandel,Puerto Rico,Spanish,Entertainment,977
39,wizkhalifa,United States,English,Entertainment,978
680,wizkidayo,Nigeria,English,Entertainment,979
1005,worldstar,United States,English,News/Media,980
897,wossy,United Kingdom,English,Entertainment,981
969,wowfakta,Indonesia,Indonesian,News/Media,982
131,wsj,United States,English,News/Media,983
316,wwe,United States,English,Corporate/Company,984
970,wwesheamus,United States,English,Sports,985
811,wweuniverse,United States,English,Corporate/Company,986
269,xabialonso,Spain,Spanish,Sports,987
202,xbox,United States,English,Corporate/Company,988
243,xhnews,China,English,News/Media,989
638,xsqueezie,France,French,Entertainment,990
140,xtina,United States,English,Entertainment,991
280,yadavakhilesh,India,Hindi,Politics,992
902,yelyahwilliams,United States,English,Entertainment,993
543,yengpluggedin,Philippines,Tagalog,Entertainment,994
748,ygent_official,South Korea,Korean,Corporate/Company,995
410,youm7,Egypt,Arabic,News/Media,996
648,yousuck2020,Japan,Japanese,Corporate/Company,997
10,youtube,United States,English,Corporate/Company,998
308,yuyacst,Mexico,Spanish,Entertainment,999
154,zacefron,United States,English,Entertainment,1000
66,zaynmalik,United Kingdom,English,Entertainment,1001
778,zaytung,Turkey,Turkish,News/Media,1002
490,zedd,Germany,English,Entertainment,1003
134,zendaya,United States,English,Entertainment,1004
713,zooeydeschanel,United States,English,Entertainment,1005
